{
    "hopper_actual_load" : 13.0050048828125,
    "hopper_total_volume" : 3000,
    "hopper_tank" : 230,
    "hopper_dead_load" : 209.843994140625,
    "parameter_pressure_roll_bellow_left_press_set_act" : 54,
    "parameter_pressure_roll_bellow_left_press_pv_act" : 40.746524810791016,
    "parameter_pressure_roll_bellow_right_press_set_act" : 54,
    "parameter_pressure_roll_bellow_right_press_pv_act" : 41.134258270263672,
    "mixer1_rec_start_dos_kg" : 790.384521484375,
    "mixer1_mass_act_temp" : 22.930000305175781,
    "mixer1_waterfw_act_temp" : 43.439998626708984,
    "mixer1_waterrw_act_temp" : 41.770000457763672,
    "mixer1_sp_temp_water_c" : 42,
    "mixer2_rec_start_dos_kg" : 746.760498046875,
    "mixer2_mass_act_temp" : 3.5399999618530273,
    "mixer2_waterfw_act_temp" : 42.099998474121094,
    "mixer2_waterrw_act_temp" : 42.270000457763672,
    "mixer2_sp_temp_water_c" : 42,
    "hrk1_actual_weight_kg" : 993.080078125,
    "hrk1_mass_act_temp" : 37.450000762939453,
    "hrk1_waterfw_act_temp" : 42.229999542236328,
    "hrk1_waterrw_act_temp" : 45.610000610351562,
    "hrk2_actual_weight_kg" : 1263.896240234375,
    "hrk2_mass_act_temp" : 55.520000457763672,
    "hrk2_waterfw_act_temp" : 42.319999694824219,
    "hrk2_waterrw_act_temp" : 41.819999694824219,
    "ts" : "2024-12-02T10:50:49.514642"
}
