{
    "hopper_actual_load" : 9.936004638671875,
    "hopper_total_volume" : 3000,
    "hopper_tank" : 230,
    "hopper_dead_load" : 209.843994140625,
    "parameter_pressure_roll_bellow_left_press_set_act" : 55,
    "parameter_pressure_roll_bellow_left_press_pv_act" : 30.885416030883789,
    "parameter_pressure_roll_bellow_right_press_set_act" : 55,
    "parameter_pressure_roll_bellow_right_press_pv_act" : 31.516202926635742,
    "mixer1_rec_start_dos_kg" : 1193.81640625,
    "mixer1_mass_act_temp" : 18.239999771118164,
    "mixer1_waterfw_act_temp" : 40.939998626708984,
    "mixer1_waterrw_act_temp" : 40.060001373291016,
    "mixer1_sp_temp_water_c" : 42,
    "mixer2_rec_start_dos_kg" : 1184.6240234375,
    "mixer2_mass_act_temp" : 648.1400146484375,
    "mixer2_waterfw_act_temp" : 40.220001220703125,
    "mixer2_waterrw_act_temp" : 40.299999237060547,
    "mixer2_sp_temp_water_c" : 42,
    "hrk1_actual_weight_kg" : 836.31201171875,
    "hrk1_mass_act_temp" : 26.940000534057617,
    "hrk1_waterfw_act_temp" : 40.459999084472656,
    "hrk1_waterrw_act_temp" : 45.310001373291016,
    "hrk2_actual_weight_kg" : 1091.240234375,
    "hrk2_mass_act_temp" : 49.590000152587891,
    "hrk2_waterfw_act_temp" : 41.849998474121094,
    "hrk2_waterrw_act_temp" : 40.259998321533203,
    "ts" : "2024-12-12T12:02:11.503699"
}
