{
    "data1": 0,
    "data2": 0,
    "data3": 0.33960002660751343,
    "data4": 0.14640000462532043,
    "data5": 0,
    "data6": 0,
    "data7": 0,
    "data8": 0,
    "data9": 58.029998779296875,
    "data10": 0,
    "alarm_message_1": [
        false,
        false,
        false,
        false,
        false,
        false,
        false,
        false,
        false,
        false,
        false,
        false,
        false,
        false,
        false,
        false
    ],
    "alarm_message_2": [
        false,
        false,
        false,
        false,
        false,
        false,
        false,
        false,
        false,
        false,
        false,
        false,
        false,
        false,
        false,
        false
    ],
    "alarm_message_3": [
        false,
        false,
        false,
        false,
        false,
        false,
        false,
        false,
        false,
        false,
        false,
        false,
        false,
        false,
        false,
        false
    ],
    "alarm_message_4": [
        false,
        false,
        false,
        false,
        false,
        false,
        false,
        false,
        false,
        false,
        false,
        false,
        false,
        false,
        false,
        false
    ],
    "IHM_ST_Moinho_status": 0,
    "SP_LME3_Mill_Speed": 200,
    "alarm1": 0,
    "alarm2": 0,
    "alarm3": 0,
    "alarm4": 0,
    "data_all": [
        0,
        0,
        0.33960002660751343,
        0.14640000462532043,
        0,
        0,
        0,
        0,
        58.029998779296875,
        0,
        362,
        6,
        6,
        6,
        10000,
        10000,
        9900,
        100,
        100,
        1,
        1,
        2,
        335,
        1.8999999761581421,
        1.5,
        1.5,
        75,
        55,
        343,
        3.2000000476837158,
        2,
        2,
        82,
        60,
        4,
        55,
        0,
        1,
        122,
        122,
        255,
        20,
        20,
        100,
        21,
        0,
        200,
        0,
        0,
        0
    ],
    "temp_chilled_water_in": 0,
    "temp_chilled_water_out": 0,
    "ts": "2023-06-11T21:18:58.843978"
}