{
    "mixing_tank_product_temp" : 36.801937103271484,
    "cocoa_butter_melter_boiler_water_temperature" : 46.477142333984375,
    "fat_storage_tank_temperature" : 33.412906646728516,
    "lecithin_feed_tank_level" : 3.4809722900390625,
    "process_tank_level" : 97.002426147460938,
    "process_tank_temperature" : 46.397571563720703,
    "cleaning_fat_tank_pressure" : 13.954242706298828,
    "master_refiner_inlet_pressure" : 0.33745661377906799,
    "master_refiner_outlet_pressure" : 0.18988713622093201,
    "lobe_pump_outlet_pressure" : 0,
    "master_refiner_outlet_temperature" : 52.44140625,
    "pump_inlet_pressure" : 0.039713539183139801,
    "pump_outlet_pressure" : 0.025824651122093201,
    "nt100_tank_temperature" : 34.031394958496094,
    "external_samba_outlet_temperature" : 39.044414520263672,
    "sugar_current_weight" : 83.140167236328125,
    "cocoa_current_weight" : -0.064771652221679688,
    "milk_powder_current_weight" : 46.947418212890625,
    "fat_storage_tank_current_weight" : 0.65315771102905273,
    "pig_system_pressure" : 0.8092426061630249,
    "nivel_lecitina_actual" : 0.34845197200775146,
    "rpm_cocoa_powder_dosage_rotary_valve" : 0,
    "rpm_milk_powder_dosage_rotary_valve" : 0,
    "rpm_product_transference_pump" : 0,
    "rpm_mixing_tank_masterblend_3000_disperser" : 0,
    "rpm_external_samba" : 0,
    "rpm_fat_storage_tank_transference_pump" : 0,
    "rpm_lecithin_add_tank_transference_pump" : 0,
    "rpm_lecithin_feed_tank_transference_pump" : 0,
    "rpm_process_tank_agitator" : 49.971675872802734,
    "rpm_cleaning_fat_tank_disperser" : 0,
    "rpm_masterrefiner_300_mill" : 274.99237060546875,
    "rpm_masterrefiner_300_feed_pump" : 64.96539306640625,
    "rpm_masterrefiner_300_discharge_pump" : 74.95147705078125,
    "rpm_sugar_dosage_rotary_valve" : 0,
    "mixing_tank_current_weight" : 1091.6749267578125,
    "ts" : "2024-09-20T10:34:36.157919"
}
